{"exp_us": 258341.0, "exp_specific_us": 251389.0, "conv_us": 130812.0, "scaltomat_us": 33635.0, "regtogsw_us": 75243.0, "fdim_us": 23930.0, "fold_us": 73782.0, "pack_us": 0.0, "total_us": 486865.0, "query_gen_us": 3862.0, "key_gen_us": 286029.0, "decoding_us": 465.0, "resp_sz": 20480.0, "query_sz": 14336.0, "param_sz": 11927552.0, "is_corr": 0.0, "item_sz": 8192.0, "dbsize": 8388608.0, "params": {"p": 256, "q_prime_bits": 20, "nu_1": 6, "nu_2": 4, "t_GSW": 7, "t_conv": 4, "t_exp": 8, "t_exp_right": 56, "s_e": 87.66765038176565, "query_size": 14336.0}, "tput": 85.8503356803668, "rate": 0.4, "cost": 4.4803854182895495e-06}
