{"exp_us": 1341474.0, "exp_specific_us": 1218530.0, "conv_us": 556535.0, "scaltomat_us": 276417.0, "regtogsw_us": 215653.0, "fdim_us": 1724501.0, "fold_us": 2162938.0, "pack_us": 0.0, "total_us": 5785448.0, "query_gen_us": 25697.0, "key_gen_us": 377362.0, "decoding_us": 454.0, "resp_sz": 20992.0, "query_sz": 14336.0, "param_sz": 15826944.0, "is_corr": 1.0, "item_sz": 8192.0, "dbsize": 1073741824.0, "params": {"p": 256, "q_prime_bits": 21, "nu_1": 9, "nu_2": 8, "t_GSW": 10, "t_conv": 4, "t_exp": 8, "t_exp_right": 56, "s_e": 88.11074858544009, "query_size": 14336.0}, "tput": 276.2080186981712, "rate": 0.3902439024390244, "cost": 3.3227123352618165e-05}
