{"exp_us": 148266.0, "exp_specific_us": 141347.0, "conv_us": 88765.0, "scaltomat_us": 33545.0, "regtogsw_us": 42834.0, "fdim_us": 23944.0, "fold_us": 45678.0, "pack_us": 0.0, "total_us": 306653.0, "query_gen_us": 3859.0, "key_gen_us": 233625.0, "decoding_us": 408.0, "resp_sz": 11264.0, "query_sz": 14336.0, "param_sz": 9519104.0, "is_corr": 1.0, "item_sz": 2048.0, "dbsize": 2097152.0, "params": {"p": 4, "q_prime_bits": 14, "nu_1": 6, "nu_2": 4, "t_GSW": 4, "t_conv": 4, "t_exp": 4, "t_exp_right": 56, "s_e": 97.2899520376727, "query_size": 14336.0}, "tput": 30.121972939588062, "rate": 0.022727272727272728, "cost": 2.67479708435551e-06}
